<application>
  <component name="CppCodeFoldingSettings">
    <option name="collapseConditionallyNoncompiled" value="false" />
  </component>
  <component name="RiderCodeCompletionExtraSettings">
    <option name="allowToCompleteWithWhitespace" value="false" />
    <option name="lowerRelevanceForObsoleteCompiledElements" value="false" />
    <option name="parenthesesInsertType" value="None" />
  </component>
  <component name="RiderDefaultCodeFoldingSettings">
    <option name="collapseRegions" value="false" />
  </component>
</application>